49	sender		 msg 	hello_0	19	Recipient
19	sender		 msg 	hello_1	25	Recipient
25	sender		 msg 	hello_2	19	Recipient
49	sender		 msg 	hello_3	25	Recipient
25	sender		 msg 	hello_4	31	Recipient
31	sender		 msg 	hello_5	25	Recipient
49	sender		 msg 	hello_6	31	Recipient
49	sender		 msg 	hello_7	37	Recipient
37	sender		 msg 	hello_8	43	Recipient
43	sender		 msg 	hello_9	37	Recipient
49	sender		 msg 	hello_10	43	Recipient
49	sender		 msg 	hello_11	13	Recipient
13	sender		 msg 	hello_12	49	Recipient
49	sender		 msg 	hello_13	55	Recipient
55	sender		 msg 	hello_14	13	Recipient
49	sender		 msg 	hello_15	13	Recipient
49	sender		 msg 	hello_16	13	Recipient
13	sender		 msg 	hello_17	19	Recipient
19	sender		 msg 	hello_18	13	Recipient
49	sender		 msg 	hello_19	13	Recipient
49	sender		 msg 	hello_20	13	Recipient
13	sender		 msg 	hello_21	19	Recipient
19	sender		 msg 	hello_22	13	Recipient
49	sender		 msg 	hello_23	13	Recipient
49	sender		 msg 	hello_24	19	Recipient
19	sender		 msg 	hello_25	25	Recipient
25	sender		 msg 	hello_26	19	Recipient
49	sender		 msg 	hello_27	13	Recipient
49	sender		 msg 	hello_28	13	Recipient
13	sender		 msg 	hello_29	19	Recipient
19	sender		 msg 	hello_30	13	Recipient
49	sender		 msg 	hello_31	13	Recipient
49	sender		 msg 	hello_32	13	Recipient
13	sender		 msg 	hello_33	7	Recipient
49	sender		 msg 	hello_34	13	Recipient
49	sender		 msg 	hello_35	13	Recipient
13	sender		 msg 	hello_36	7	Recipient
49	sender		 msg 	hello_37	13	Recipient
49	sender		 msg 	hello_38	13	Recipient
13	sender		 msg 	hello_39	7	Recipient
49	sender		 msg 	hello_40	13	Recipient
49	sender		 msg 	hello_41	13	Recipient
49	sender		 msg 	hello_0	19	Recipient
19	sender		 msg 	hello_1	25	Recipient
25	sender		 msg 	hello_2	19	Recipient
49	sender		 msg 	hello_3	25	Recipient
25	sender		 msg 	hello_4	31	Recipient
31	sender		 msg 	hello_5	25	Recipient
49	sender		 msg 	hello_6	31	Recipient
49	sender		 msg 	hello_7	37	Recipient
37	sender		 msg 	hello_8	43	Recipient
43	sender		 msg 	hello_9	37	Recipient
49	sender		 msg 	hello_10	43	Recipient
49	sender		 msg 	hello_11	13	Recipient
13	sender		 msg 	hello_12	49	Recipient
49	sender		 msg 	hello_13	55	Recipient
55	sender		 msg 	hello_14	13	Recipient
49	sender		 msg 	hello_15	13	Recipient
49	sender		 msg 	hello_16	13	Recipient
13	sender		 msg 	hello_17	19	Recipient
19	sender		 msg 	hello_18	13	Recipient
49	sender		 msg 	hello_19	13	Recipient
49	sender		 msg 	hello_20	13	Recipient
13	sender		 msg 	hello_21	19	Recipient
19	sender		 msg 	hello_22	13	Recipient
49	sender		 msg 	hello_23	13	Recipient
49	sender		 msg 	hello_24	19	Recipient
19	sender		 msg 	hello_25	25	Recipient
25	sender		 msg 	hello_26	19	Recipient
49	sender		 msg 	hello_27	13	Recipient
49	sender		 msg 	hello_0	19	Recipient
19	sender		 msg 	hello_1	25	Recipient
25	sender		 msg 	hello_2	19	Recipient
49	sender		 msg 	hello_3	25	Recipient
25	sender		 msg 	hello_4	31	Recipient
31	sender		 msg 	hello_5	25	Recipient
49	sender		 msg 	hello_6	31	Recipient
49	sender		 msg 	hello_7	37	Recipient
37	sender		 msg 	hello_8	43	Recipient
43	sender		 msg 	hello_9	37	Recipient
49	sender		 msg 	hello_10	43	Recipient
49	sender		 msg 	hello_11	13	Recipient
13	sender		 msg 	hello_12	49	Recipient
49	sender		 msg 	hello_13	55	Recipient
55	sender		 msg 	hello_14	13	Recipient
49	sender		 msg 	hello_15	13	Recipient
49	sender		 msg 	hello_16	13	Recipient
13	sender		 msg 	hello_17	19	Recipient
19	sender		 msg 	hello_18	13	Recipient
49	sender		 msg 	hello_19	13	Recipient
49	sender		 msg 	hello_20	13	Recipient
13	sender		 msg 	hello_21	19	Recipient
19	sender		 msg 	hello_22	13	Recipient
49	sender		 msg 	hello_23	13	Recipient
49	sender		 msg 	hello_24	19	Recipient
19	sender		 msg 	hello_25	25	Recipient
25	sender		 msg 	hello_26	19	Recipient
49	sender		 msg 	hello_27	13	Recipient
49	sender		 msg 	hello_28	13	Recipient
13	sender		 msg 	hello_29	19	Recipient
19	sender		 msg 	hello_30	13	Recipient
49	sender		 msg 	hello_31	13	Recipient
49	sender		 msg 	hello_32	13	Recipient
13	sender		 msg 	hello_33	7	Recipient
49	sender		 msg 	hello_34	13	Recipient
49	sender		 msg 	hello_35	13	Recipient
13	sender		 msg 	hello_36	7	Recipient
49	sender		 msg 	hello_37	13	Recipient
49	sender		 msg 	hello_38	13	Recipient
13	sender		 msg 	hello_39	7	Recipient
49	sender		 msg 	hello_40	13	Recipient
49	sender		 msg 	hello_41	13	Recipient
13	sender		 msg 	hello_42	7	Recipient
49	sender		 msg 	hello_43	7	Recipient
49	sender		 msg 	hello_44	7	Recipient
49	sender		 msg 	hello_45	7	Recipient
49	sender		 msg 	hello_46	7	Recipient
49	sender		 msg 	hello_47	7	Recipient
49	sender		 msg 	hello_48	7	Recipient
49	sender		 msg 	hello_49	7	Recipient
49	sender		 msg 	hello_50	7	Recipient
49	sender		 msg 	hello_51	7	Recipient
49	sender		 msg 	hello_52	7	Recipient
49	sender		 msg 	hello_0	19	Recipient
19	sender		 msg 	hello_1	25	Recipient
25	sender		 msg 	hello_2	19	Recipient
49	sender		 msg 	hello_3	25	Recipient
25	sender		 msg 	hello_4	31	Recipient
31	sender		 msg 	hello_5	25	Recipient
49	sender		 msg 	hello_6	31	Recipient
49	sender		 msg 	hello_7	37	Recipient
37	sender		 msg 	hello_8	43	Recipient
43	sender		 msg 	hello_9	37	Recipient
49	sender		 msg 	hello_10	43	Recipient
49	sender		 msg 	hello_11	13	Recipient
13	sender		 msg 	hello_12	49	Recipient
49	sender		 msg 	hello_13	55	Recipient
55	sender		 msg 	hello_14	13	Recipient
49	sender		 msg 	hello_15	13	Recipient
49	sender		 msg 	hello_16	13	Recipient
13	sender		 msg 	hello_17	19	Recipient
19	sender		 msg 	hello_18	13	Recipient
49	sender		 msg 	hello_19	13	Recipient
49	sender		 msg 	hello_20	13	Recipient
13	sender		 msg 	hello_21	19	Recipient
19	sender		 msg 	hello_22	13	Recipient
49	sender		 msg 	hello_23	13	Recipient
49	sender		 msg 	hello_24	19	Recipient
19	sender		 msg 	hello_25	25	Recipient
25	sender		 msg 	hello_26	19	Recipient
49	sender		 msg 	hello_27	13	Recipient
49	sender		 msg 	hello_28	13	Recipient
13	sender		 msg 	hello_29	19	Recipient
19	sender		 msg 	hello_30	13	Recipient
49	sender		 msg 	hello_31	13	Recipient
49	sender		 msg 	hello_32	13	Recipient
13	sender		 msg 	hello_33	19	Recipient
19	sender		 msg 	hello_34	13	Recipient
49	sender		 msg 	hello_35	13	Recipient
49	sender		 msg 	hello_0	0	Recipient
49	sender		 msg 	hello_1	25	Recipient
49	sender		 msg 	hello_2	25	Recipient
49	sender		 msg 	hello_3	25	Recipient
49	sender		 msg 	hello_4	25	Recipient
49	sender		 msg 	hello_5	73	Recipient
73	sender		 msg 	hello_6	31	Recipient
49	sender		 msg 	hello_7	73	Recipient
73	sender		 msg 	hello_8	31	Recipient
49	sender		 msg 	hello_9	109	Recipient
109	sender		 msg 	hello_10	43	Recipient
49	sender		 msg 	hello_11	109	Recipient
109	sender		 msg 	hello_12	43	Recipient
49	sender		 msg 	hello_13	109	Recipient
109	sender		 msg 	hello_14	139	Recipient
139	sender		 msg 	hello_15	109	Recipient
49	sender		 msg 	hello_16	109	Recipient
109	sender		 msg 	hello_17	139	Recipient
139	sender		 msg 	hello_18	109	Recipient
49	sender		 msg 	hello_19	109	Recipient
109	sender		 msg 	hello_20	139	Recipient
139	sender		 msg 	hello_21	109	Recipient
49	sender		 msg 	hello_22	109	Recipient
109	sender		 msg 	hello_23	169	Recipient
169	sender		 msg 	hello_24	109	Recipient
49	sender		 msg 	hello_25	187	Recipient
187	sender		 msg 	hello_26	49	Recipient
49	sender		 msg 	hello_27	187	Recipient
187	sender		 msg 	hello_28	49	Recipient
49	sender		 msg 	hello_29	187	Recipient
187	sender		 msg 	hello_30	49	Recipient
49	sender		 msg 	hello_31	211	Recipient
211	sender		 msg 	hello_32	49	Recipient
49	sender		 msg 	hello_33	211	Recipient
211	sender		 msg 	hello_34	49	Recipient
49	sender		 msg 	hello_35	211	Recipient
211	sender		 msg 	hello_36	49	Recipient
49	sender		 msg 	hello_37	211	Recipient
211	sender		 msg 	hello_38	49	Recipient
49	sender		 msg 	hello_39	211	Recipient
211	sender		 msg 	hello_40	49	Recipient
49	sender		 msg 	hello_41	211	Recipient
211	sender		 msg 	hello_42	49	Recipient
49	sender		 msg 	hello_43	211	Recipient
211	sender		 msg 	hello_44	49	Recipient
49	sender		 msg 	hello_45	211	Recipient
211	sender		 msg 	hello_46	265	Recipient
265	sender		 msg 	hello_47	211	Recipient
49	sender		 msg 	hello_48	211	Recipient
211	sender		 msg 	hello_49	265	Recipient
265	sender		 msg 	hello_50	211	Recipient
49	sender		 msg 	hello_51	211	Recipient
211	sender		 msg 	hello_52	265	Recipient
265	sender		 msg 	hello_53	211	Recipient
49	sender		 msg 	hello_54	211	Recipient
211	sender		 msg 	hello_55	79	Recipient
49	sender		 msg 	hello_56	211	Recipient
211	sender		 msg 	hello_57	79	Recipient
49	sender		 msg 	hello_58	211	Recipient
211	sender		 msg 	hello_59	79	Recipient
49	sender		 msg 	hello_60	211	Recipient
211	sender		 msg 	hello_61	79	Recipient
49	sender		 msg 	hello_0	0	Recipient
49	sender		 msg 	hello_1	25	Recipient
49	sender		 msg 	hello_2	25	Recipient
49	sender		 msg 	hello_3	25	Recipient
49	sender		 msg 	hello_4	25	Recipient
49	sender		 msg 	hello_5	73	Recipient
73	sender		 msg 	hello_6	31	Recipient
49	sender		 msg 	hello_7	73	Recipient
73	sender		 msg 	hello_8	31	Recipient
49	sender		 msg 	hello_9	109	Recipient
109	sender		 msg 	hello_10	43	Recipient
49	sender		 msg 	hello_11	109	Recipient
109	sender		 msg 	hello_12	43	Recipient
49	sender		 msg 	hello_13	109	Recipient
109	sender		 msg 	hello_14	139	Recipient
139	sender		 msg 	hello_15	109	Recipient
49	sender		 msg 	hello_16	109	Recipient
109	sender		 msg 	hello_17	139	Recipient
139	sender		 msg 	hello_18	109	Recipient
49	sender		 msg 	hello_19	109	Recipient
109	sender		 msg 	hello_20	139	Recipient
139	sender		 msg 	hello_21	109	Recipient
49	sender		 msg 	hello_22	109	Recipient
109	sender		 msg 	hello_23	169	Recipient
169	sender		 msg 	hello_24	109	Recipient
49	sender		 msg 	hello_0	0	Recipient
49	sender		 msg 	hello_1	25	Recipient
49	sender		 msg 	hello_2	25	Recipient
49	sender		 msg 	hello_3	25	Recipient
49	sender		 msg 	hello_4	25	Recipient
49	sender		 msg 	hello_5	73	Recipient
73	sender		 msg 	hello_6	31	Recipient
49	sender		 msg 	hello_7	73	Recipient
73	sender		 msg 	hello_8	31	Recipient
49	sender		 msg 	hello_9	109	Recipient
109	sender		 msg 	hello_10	43	Recipient
49	sender		 msg 	hello_11	109	Recipient
109	sender		 msg 	hello_12	43	Recipient
49	sender		 msg 	hello_13	109	Recipient
109	sender		 msg 	hello_14	139	Recipient
139	sender		 msg 	hello_15	109	Recipient
49	sender		 msg 	hello_16	109	Recipient
109	sender		 msg 	hello_17	139	Recipient
139	sender		 msg 	hello_18	109	Recipient
49	sender		 msg 	hello_19	109	Recipient
109	sender		 msg 	hello_20	139	Recipient
139	sender		 msg 	hello_21	109	Recipient
49	sender		 msg 	hello_22	109	Recipient
109	sender		 msg 	hello_23	169	Recipient
169	sender		 msg 	hello_24	109	Recipient
49	sender		 msg 	hello_25	187	Recipient
187	sender		 msg 	hello_26	49	Recipient
49	sender		 msg 	hello_27	187	Recipient
187	sender		 msg 	hello_28	49	Recipient
49	sender		 msg 	hello_29	187	Recipient
187	sender		 msg 	hello_30	49	Recipient
49	sender		 msg 	hello_31	211	Recipient
211	sender		 msg 	hello_32	49	Recipient
49	sender		 msg 	hello_33	211	Recipient
211	sender		 msg 	hello_34	49	Recipient
49	sender		 msg 	hello_35	211	Recipient
211	sender		 msg 	hello_36	49	Recipient
49	sender		 msg 	hello_37	211	Recipient
211	sender		 msg 	hello_38	49	Recipient
49	sender		 msg 	hello_39	211	Recipient
211	sender		 msg 	hello_40	49	Recipient
49	sender		 msg 	hello_41	211	Recipient
211	sender		 msg 	hello_42	49	Recipient
49	sender		 msg 	hello_43	211	Recipient
211	sender		 msg 	hello_44	49	Recipient
49	sender		 msg 	hello_45	211	Recipient
211	sender		 msg 	hello_46	265	Recipient
265	sender		 msg 	hello_47	211	Recipient
49	sender		 msg 	hello_48	211	Recipient
211	sender		 msg 	hello_49	265	Recipient
265	sender		 msg 	hello_50	211	Recipient
49	sender		 msg 	hello_51	211	Recipient
211	sender		 msg 	hello_52	265	Recipient
265	sender		 msg 	hello_53	211	Recipient
49	sender		 msg 	hello_54	211	Recipient
211	sender		 msg 	hello_55	79	Recipient
49	sender		 msg 	hello_56	211	Recipient
211	sender		 msg 	hello_57	79	Recipient
49	sender		 msg 	hello_58	211	Recipient
211	sender		 msg 	hello_59	79	Recipient
49	sender		 msg 	hello_60	211	Recipient
211	sender		 msg 	hello_61	79	Recipient
49	sender		 msg 	hello_62	211	Recipient
211	sender		 msg 	hello_63	79	Recipient
49	sender		 msg 	hello_64	211	Recipient
211	sender		 msg 	hello_65	79	Recipient
49	sender		 msg 	hello_66	211	Recipient
211	sender		 msg 	hello_67	79	Recipient
49	sender		 msg 	hello_68	211	Recipient
211	sender		 msg 	hello_69	79	Recipient
49	sender		 msg 	hello_70	265	Recipient
265	sender		 msg 	hello_71	211	Recipient
49	sender		 msg 	hello_72	265	Recipient
265	sender		 msg 	hello_73	211	Recipient
49	sender		 msg 	hello_74	265	Recipient
265	sender		 msg 	hello_75	211	Recipient
49	sender		 msg 	hello_76	265	Recipient
265	sender		 msg 	hello_77	211	Recipient
49	sender		 msg 	hello_78	265	Recipient
265	sender		 msg 	hello_79	211	Recipient
49	sender		 msg 	hello_80	265	Recipient
265	sender		 msg 	hello_81	211	Recipient
49	sender		 msg 	hello_82	475	Recipient
475	sender		 msg 	hello_83	211	Recipient
49	sender		 msg 	hello_84	475	Recipient
475	sender		 msg 	hello_85	211	Recipient
49	sender		 msg 	hello_86	475	Recipient
475	sender		 msg 	hello_87	211	Recipient
49	sender		 msg 	hello_88	475	Recipient
475	sender		 msg 	hello_89	211	Recipient
49	sender		 msg 	hello_90	85	Recipient
85	sender		 msg 	hello_91	217	Recipient
217	sender		 msg 	hello_92	421	Recipient
421	sender		 msg 	hello_93	217	Recipient
49	sender		 msg 	hello_94	139	Recipient
139	sender		 msg 	hello_95	43	Recipient
49	sender		 msg 	hello_0	0	Recipient
49	sender		 msg 	hello_1	25	Recipient
49	sender		 msg 	hello_0	0	Recipient
49	sender		 msg 	hello_1	25	Recipient
49	sender		 msg 	hello_2	25	Recipient
49	sender		 msg 	hello_3	25	Recipient
49	sender		 msg 	hello_4	25	Recipient
49	sender		 msg 	hello_5	73	Recipient
73	sender		 msg 	hello_6	31	Recipient
49	sender		 msg 	hello_7	73	Recipient
73	sender		 msg 	hello_8	31	Recipient
49	sender		 msg 	hello_9	109	Recipient
109	sender		 msg 	hello_10	43	Recipient
49	sender		 msg 	hello_11	109	Recipient
109	sender		 msg 	hello_12	43	Recipient
49	sender		 msg 	hello_13	109	Recipient
109	sender		 msg 	hello_14	139	Recipient
139	sender		 msg 	hello_15	109	Recipient
49	sender		 msg 	hello_16	109	Recipient
109	sender		 msg 	hello_17	139	Recipient
139	sender		 msg 	hello_18	109	Recipient
49	sender		 msg 	hello_19	109	Recipient
109	sender		 msg 	hello_20	139	Recipient
139	sender		 msg 	hello_21	109	Recipient
49	sender		 msg 	hello_22	109	Recipient
109	sender		 msg 	hello_23	169	Recipient
169	sender		 msg 	hello_24	109	Recipient
49	sender		 msg 	hello_25	187	Recipient
187	sender		 msg 	hello_26	49	Recipient
49	sender		 msg 	hello_0	0	Recipient
49	sender		 msg 	hello_1	25	Recipient
49	sender		 msg 	hello_2	25	Recipient
49	sender		 msg 	hello_3	25	Recipient
49	sender		 msg 	hello_4	25	Recipient
49	sender		 msg 	hello_5	73	Recipient
73	sender		 msg 	hello_6	31	Recipient
49	sender		 msg 	hello_7	73	Recipient
73	sender		 msg 	hello_8	31	Recipient
49	sender		 msg 	hello_9	109	Recipient
109	sender		 msg 	hello_10	43	Recipient
49	sender		 msg 	hello_11	109	Recipient
109	sender		 msg 	hello_12	43	Recipient
49	sender		 msg 	hello_13	109	Recipient
109	sender		 msg 	hello_14	139	Recipient
139	sender		 msg 	hello_15	109	Recipient
49	sender		 msg 	hello_16	109	Recipient
109	sender		 msg 	hello_17	139	Recipient
139	sender		 msg 	hello_18	109	Recipient
49	sender		 msg 	hello_19	109	Recipient
109	sender		 msg 	hello_20	139	Recipient
139	sender		 msg 	hello_21	109	Recipient
49	sender		 msg 	hello_22	109	Recipient
109	sender		 msg 	hello_23	169	Recipient
169	sender		 msg 	hello_24	109	Recipient
49	sender		 msg 	hello_25	187	Recipient
187	sender		 msg 	hello_26	49	Recipient
49	sender		 msg 	hello_27	187	Recipient
187	sender		 msg 	hello_28	49	Recipient
49	sender		 msg 	hello_29	187	Recipient
187	sender		 msg 	hello_30	49	Recipient
49	sender		 msg 	hello_31	211	Recipient
211	sender		 msg 	hello_32	49	Recipient
49	sender		 msg 	hello_33	211	Recipient
211	sender		 msg 	hello_34	49	Recipient
49	sender		 msg 	hello_35	211	Recipient
211	sender		 msg 	hello_36	49	Recipient
49	sender		 msg 	hello_37	211	Recipient
211	sender		 msg 	hello_38	49	Recipient
49	sender		 msg 	hello_39	211	Recipient
211	sender		 msg 	hello_40	49	Recipient
49	sender		 msg 	hello_41	211	Recipient
211	sender		 msg 	hello_42	49	Recipient
49	sender		 msg 	hello_43	211	Recipient
211	sender		 msg 	hello_44	49	Recipient
49	sender		 msg 	hello_45	211	Recipient
211	sender		 msg 	hello_46	265	Recipient
265	sender		 msg 	hello_47	211	Recipient
49	sender		 msg 	hello_48	211	Recipient
211	sender		 msg 	hello_49	265	Recipient
265	sender		 msg 	hello_50	211	Recipient
49	sender		 msg 	hello_51	211	Recipient
211	sender		 msg 	hello_52	265	Recipient
265	sender		 msg 	hello_53	211	Recipient
49	sender		 msg 	hello_54	211	Recipient
211	sender		 msg 	hello_55	79	Recipient
49	sender		 msg 	hello_56	211	Recipient
211	sender		 msg 	hello_57	79	Recipient
49	sender		 msg 	hello_58	211	Recipient
211	sender		 msg 	hello_59	79	Recipient
49	sender		 msg 	hello_60	211	Recipient
211	sender		 msg 	hello_61	79	Recipient
49	sender		 msg 	hello_62	211	Recipient
211	sender		 msg 	hello_63	79	Recipient
49	sender		 msg 	hello_64	211	Recipient
211	sender		 msg 	hello_65	79	Recipient
49	sender		 msg 	hello_66	211	Recipient
211	sender		 msg 	hello_67	79	Recipient
49	sender		 msg 	hello_68	211	Recipient
211	sender		 msg 	hello_69	79	Recipient
49	sender		 msg 	hello_70	265	Recipient
265	sender		 msg 	hello_71	211	Recipient
49	sender		 msg 	hello_72	265	Recipient
265	sender		 msg 	hello_73	211	Recipient
49	sender		 msg 	hello_74	265	Recipient
265	sender		 msg 	hello_75	211	Recipient
49	sender		 msg 	hello_76	265	Recipient
265	sender		 msg 	hello_77	211	Recipient
49	sender		 msg 	hello_78	265	Recipient
265	sender		 msg 	hello_79	211	Recipient
49	sender		 msg 	hello_80	265	Recipient
265	sender		 msg 	hello_81	211	Recipient
49	sender		 msg 	hello_82	475	Recipient
475	sender		 msg 	hello_83	211	Recipient
49	sender		 msg 	hello_84	475	Recipient
475	sender		 msg 	hello_85	211	Recipient
49	sender		 msg 	hello_86	475	Recipient
475	sender		 msg 	hello_87	211	Recipient
49	sender		 msg 	hello_88	475	Recipient
475	sender		 msg 	hello_89	211	Recipient
49	sender		 msg 	hello_90	85	Recipient
85	sender		 msg 	hello_91	217	Recipient
217	sender		 msg 	hello_92	421	Recipient
421	sender		 msg 	hello_93	217	Recipient
49	sender		 msg 	hello_0	0	Recipient
49	sender		 msg 	hello_1	13	Recipient
49	sender		 msg 	hello_2	13	Recipient
49	sender		 msg 	hello_3	79	Recipient
79	sender		 msg 	hello_4	49	Recipient
49	sender		 msg 	hello_5	115	Recipient
115	sender		 msg 	hello_6	79	Recipient
49	sender		 msg 	hello_7	115	Recipient
115	sender		 msg 	hello_8	79	Recipient
49	sender		 msg 	hello_0	0	Recipient
49	sender		 msg 	hello_1	13	Recipient
49	sender		 msg 	hello_2	13	Recipient
49	sender		 msg 	hello_3	79	Recipient
79	sender		 msg 	hello_4	49	Recipient
49	sender		 msg 	hello_5	115	Recipient
115	sender		 msg 	hello_6	79	Recipient
49	sender		 msg 	hello_7	115	Recipient
115	sender		 msg 	hello_8	79	Recipient
49	sender		 msg 	hello_9	145	Recipient
145	sender		 msg 	hello_10	115	Recipient
49	sender		 msg 	hello_0	0	Recipient
49	sender		 msg 	hello_1	13	Recipient
49	sender		 msg 	hello_2	13	Recipient
49	sender		 msg 	hello_3	79	Recipient
79	sender		 msg 	hello_4	49	Recipient
49	sender		 msg 	hello_5	115	Recipient
115	sender		 msg 	hello_6	79	Recipient
49	sender		 msg 	hello_7	115	Recipient
115	sender		 msg 	hello_8	79	Recipient
49	sender		 msg 	hello_9	145	Recipient
145	sender		 msg 	hello_10	115	Recipient
115	sender		 msg 	hello_11	181	Recipient
181	sender		 msg 	hello_12	145	Recipient
49	sender		 msg 	hello_13	19	Recipient
49	sender		 msg 	hello_14	19	Recipient
19	sender		 msg 	hello_15	85	Recipient
85	sender		 msg 	hello_16	19	Recipient
49	sender		 msg 	hello_0	0	Recipient
49	sender		 msg 	hello_1	13	Recipient
49	sender		 msg 	hello_2	13	Recipient
49	sender		 msg 	hello_3	79	Recipient
79	sender		 msg 	hello_4	49	Recipient
49	sender		 msg 	hello_5	115	Recipient
115	sender		 msg 	hello_6	79	Recipient
49	sender		 msg 	hello_7	115	Recipient
115	sender		 msg 	hello_8	79	Recipient
49	sender		 msg 	hello_9	145	Recipient
145	sender		 msg 	hello_10	115	Recipient
115	sender		 msg 	hello_11	181	Recipient
181	sender		 msg 	hello_12	145	Recipient
49	sender		 msg 	hello_13	19	Recipient
49	sender		 msg 	hello_14	19	Recipient
19	sender		 msg 	hello_15	85	Recipient
85	sender		 msg 	hello_16	19	Recipient
49	sender		 msg 	hello_17	19	Recipient
49	sender		 msg 	hello_18	85	Recipient
85	sender		 msg 	hello_19	19	Recipient
19	sender		 msg 	hello_20	85	Recipient
85	sender		 msg 	hello_21	19	Recipient
49	sender		 msg 	hello_22	151	Recipient
151	sender		 msg 	hello_23	19	Recipient
49	sender		 msg 	hello_0	0	Recipient
49	sender		 msg 	hello_1	13	Recipient
49	sender		 msg 	hello_2	13	Recipient
49	sender		 msg 	hello_3	79	Recipient
79	sender		 msg 	hello_4	49	Recipient
49	sender		 msg 	hello_5	115	Recipient
115	sender		 msg 	hello_6	79	Recipient
49	sender		 msg 	hello_7	115	Recipient
115	sender		 msg 	hello_8	79	Recipient
49	sender		 msg 	hello_9	145	Recipient
145	sender		 msg 	hello_10	115	Recipient
115	sender		 msg 	hello_11	181	Recipient
181	sender		 msg 	hello_12	145	Recipient
49	sender		 msg 	hello_13	19	Recipient
49	sender		 msg 	hello_14	19	Recipient
19	sender		 msg 	hello_15	85	Recipient
85	sender		 msg 	hello_16	19	Recipient
49	sender		 msg 	hello_17	19	Recipient
49	sender		 msg 	hello_18	85	Recipient
85	sender		 msg 	hello_19	19	Recipient
49	sender		 msg 	hello_0	0	Recipient
49	sender		 msg 	hello_1	13	Recipient
49	sender		 msg 	hello_2	13	Recipient
49	sender		 msg 	hello_3	13	Recipient
13	sender		 msg 	hello_4	37	Recipient
37	sender		 msg 	hello_5	139	Recipient
139	sender		 msg 	hello_6	109	Recipient
49	sender		 msg 	hello_7	37	Recipient
49	sender		 msg 	hello_8	37	Recipient
37	sender		 msg 	hello_9	139	Recipient
139	sender		 msg 	hello_10	205	Recipient
205	sender		 msg 	hello_11	7	Recipient
49	sender		 msg 	hello_0	0	Recipient
49	sender		 msg 	hello_1	13	Recipient
49	sender		 msg 	hello_2	13	Recipient
49	sender		 msg 	hello_3	13	Recipient
13	sender		 msg 	hello_4	37	Recipient
37	sender		 msg 	hello_5	139	Recipient
139	sender		 msg 	hello_6	109	Recipient
49	sender		 msg 	hello_7	37	Recipient
49	sender		 msg 	hello_8	37	Recipient
37	sender		 msg 	hello_9	139	Recipient
139	sender		 msg 	hello_10	205	Recipient
205	sender		 msg 	hello_11	7	Recipient
49	sender		 msg 	hello_12	37	Recipient
49	sender		 msg 	hello_0	0	Recipient
49	sender		 msg 	hello_1	13	Recipient
49	sender		 msg 	hello_2	13	Recipient
49	sender		 msg 	hello_3	13	Recipient
13	sender		 msg 	hello_4	37	Recipient
37	sender		 msg 	hello_5	139	Recipient
139	sender		 msg 	hello_6	109	Recipient
49	sender		 msg 	hello_7	37	Recipient
49	sender		 msg 	hello_8	37	Recipient
37	sender		 msg 	hello_9	139	Recipient
139	sender		 msg 	hello_10	205	Recipient
205	sender		 msg 	hello_11	7	Recipient
49	sender		 msg 	hello_12	37	Recipient
49	sender		 msg 	hello_13	67	Recipient
67	sender		 msg 	hello_14	205	Recipient
205	sender		 msg 	hello_15	7	Recipient
49	sender		 msg 	hello_0	0	Recipient
49	sender		 msg 	hello_1	13	Recipient
49	sender		 msg 	hello_2	13	Recipient
49	sender		 msg 	hello_3	13	Recipient
49	sender		 msg 	hello_0	0	Recipient
49	sender		 msg 	hello_1	13	Recipient
49	sender		 msg 	hello_2	13	Recipient
49	sender		 msg 	hello_3	13	Recipient
13	sender		 msg 	hello_4	37	Recipient
37	sender		 msg 	hello_5	139	Recipient
139	sender		 msg 	hello_6	109	Recipient
49	sender		 msg 	hello_7	37	Recipient
49	sender		 msg 	hello_8	37	Recipient
37	sender		 msg 	hello_9	139	Recipient
139	sender		 msg 	hello_10	205	Recipient
205	sender		 msg 	hello_11	7	Recipient
49	sender		 msg 	hello_0	0	Recipient
49	sender		 msg 	hello_1	13	Recipient
49	sender		 msg 	hello_2	13	Recipient
49	sender		 msg 	hello_3	13	Recipient
49	sender		 msg 	hello_0	0	Recipient
49	sender		 msg 	hello_1	7	Recipient
49	sender		 msg 	hello_2	7	Recipient
49	sender		 msg 	hello_3	7	Recipient
49	sender		 msg 	hello_4	7	Recipient
49	sender		 msg 	hello_5	7	Recipient
49	sender		 msg 	hello_0	0	Recipient
49	sender		 msg 	hello_1	7	Recipient
49	sender		 msg 	hello_2	7	Recipient
49	sender		 msg 	hello_3	7	Recipient
49	sender		 msg 	hello_4	7	Recipient
49	sender		 msg 	hello_5	7	Recipient
49	sender		 msg 	hello_0	37	Recipient
49	sender		 msg 	hello_1	55	Recipient
55	sender		 msg 	hello_2	37	Recipient
37	sender		 msg 	hello_3	7	Recipient
49	sender		 msg 	hello_4	7	Recipient
49	sender		 msg 	hello_5	7	Recipient
49	sender		 msg 	hello_6	7	Recipient
49	sender		 msg 	hello_7	7	Recipient
49	sender		 msg 	hello_8	7	Recipient
49	sender		 msg 	hello_0	37	Recipient
49	sender		 msg 	hello_1	55	Recipient
55	sender		 msg 	hello_2	37	Recipient
37	sender		 msg 	hello_3	7	Recipient
49	sender		 msg 	hello_0	37	Recipient
49	sender		 msg 	hello_1	55	Recipient
55	sender		 msg 	hello_2	37	Recipient
37	sender		 msg 	hello_3	7	Recipient
